month,bitcoin_market_price_usd_monthly,network_difficulty_monthly,blocks_mined_monthly,total_transaction_fees_btc_monthly,new_coins_issued_btc_monthly,total_miner_compensation_btc_monthly,total_miner_compensation_usd_monthly,miner_compensation_per_block_btc_monthly,implied_block_subsidy_btc_monthly,coinmetrics_bitcoin_price_usd_monthly,bitcoinvisuals_block_subsidy_btc_monthly,analysis_sample,daily_observations,calendar_days_in_month,price_observation_days,difficulty_observation_days,blocks_observation_days,compensation_observation_days,complete_price_month,complete_backbone_month,frontier_efficiency_j_per_th,frontier_hardware_model,frontier_hardware_type,frontier_release_date,frontier_changed,eta_weighted_avg_j_per_th,n_active_devices,sum_weights,energy_per_block_frontier_j,energy_per_block_weighted_j,mci_frontier_j_per_btc,mci_weighted_j_per_btc,log_bitcoin_market_price_usd,log_mci_frontier,log_mci_weighted
2009-01-01,,0.8275862068965517,2548.0,0.0,127400.0,127400.0,0.0,50.0,50.0,,50.0,False,29,31,0,29,29,29,False,False,14313725.5,Intel Core i5-650,CPU,2009-01-01,True,,,,50877.5030949693,,1017.550061899386,,,6.9251531169903435,
2009-02-01,,1.0,3380.0,2.01,169000.0,169002.01,0.0,50.00059467455622,50.0,,50.0,False,28,28,0,28,28,28,False,True,14313725.5,Intel Core i5-650,CPU,2009-01-01,False,,,,61476.982906421246,,1229.5250347833367,,,7.114383223208475,
2009-03-01,,1.0,3466.0,0.0,173300.0,173300.0,0.0,50.0,50.0,,50.0,False,31,31,0,31,31,31,False,True,14313725.5,Intel Core i5-650,CPU,2009-01-01,False,14313725.5,1.0,1.0,61476.982906421246,61476.982906421246,1229.539658128425,1229.539658128425,,7.114395116628872,7.114395116628872
2009-04-01,,1.0,3442.0,0.0,172100.0,172100.0,0.0,50.0,50.0,,50.0,False,30,30,0,30,30,30,False,True,14313725.5,Intel Core i5-650,CPU,2009-01-01,False,14313725.5,1.0,1.0,61476.982906421246,61476.982906421246,1229.539658128425,1229.539658128425,,7.114395116628872,7.114395116628872
2009-05-01,,1.0,3383.0,0.13,169150.0,169150.13,0.0,50.00003842743128,50.0,,50.0,False,31,31,0,31,31,31,False,True,14313725.5,Intel Core i5-650,CPU,2009-01-01,False,14313725.5,1.0,1.0,61476.982906421246,61476.982906421246,1229.5387131681368,1229.5387131681368,,7.114394348080542,7.114394348080542
2009-06-01,,1.0,2236.0,0.0,111800.0,111800.0,0.0,50.0,50.0,,50.0,False,30,30,0,30,30,30,False,True,14313725.5,Intel Core i5-650,CPU,2009-01-01,False,14313725.5,1.0,1.0,61476.982906421246,61476.982906421246,1229.539658128425,1229.539658128425,,7.114395116628872,7.114395116628872
2009-07-01,,1.0,1925.0,0.14,96250.0,96250.14,0.0,50.00007272727273,50.0,,50.0,False,31,31,0,31,31,31,False,True,14313725.5,Intel Core i5-650,CPU,2009-01-01,False,14313725.5,1.0,1.0,61476.982906421246,61476.982906421246,1229.5378697097053,1229.5378697097053,,7.114393662084476,7.114393662084476
2009-08-01,,1.0,1564.0,0.13,78200.0,78200.13,0.0,50.00008312020461,50.0,,50.0,False,31,31,0,31,31,31,False,True,14313725.5,Intel Core i5-650,CPU,2009-01-01,False,14313725.5,1.0,1.0,61476.982906421246,61476.982906421246,1229.5376141400636,1229.5376141400636,,7.114393454226162,7.114393454226162
2009-09-01,,1.0,2159.0,0.12,107950.0,107950.12,0.0,50.00005558128763,50.0,,50.0,False,30,30,0,30,30,30,False,True,14313725.5,Intel Core i5-650,CPU,2009-01-01,False,14313725.5,1.0,1.0,61476.982906421246,61476.982906421246,1229.5382913419965,1229.5382913419965,,7.114394005003738,7.114394005003738
2009-10-01,,1.0,2126.0,0.12,106300.0,106300.12,0.0,50.00005644402634,50.0,,50.0,False,31,31,0,31,31,31,False,True,14313725.5,Intel Core i5-650,CPU,2009-01-01,False,14313725.5,1.0,1.0,61476.982906421246,61476.982906421246,1229.5382701266149,1229.5382701266149,,7.114393987748983,7.114393987748983
2009-11-01,,1.0,2217.0,0.0,110850.0,110850.0,0.0,50.0,50.0,,50.0,False,30,30,0,30,30,30,False,True,14313725.5,Intel Core i5-650,CPU,2009-01-01,False,14313725.5,1.0,1.0,61476.982906421246,61476.982906421246,1229.539658128425,1229.539658128425,,7.114395116628872,7.114395116628872
2009-12-01,,1.011799969955667,4048.0,0.22,202400.0,202400.22,0.0,50.00005434782609,50.0,,50.0,False,31,31,0,31,31,31,False,True,14313725.5,Intel Core i5-650,CPU,2009-01-01,False,14313725.5,1.0,1.0,62202.40945768207,62202.40945768207,1244.0468369288187,1244.0468369288187,,7.126124922854695,7.126124922854695
2010-01-01,,1.2705573349525228,5004.0,0.26,250200.0,250200.26,0.0,50.00005195843325,50.0,,50.0,False,31,31,0,31,31,31,False,True,14313725.5,Intel Core i5-650,CPU,2009-01-01,False,14313725.5,1.0,1.0,78110.03156250439,78110.03156250439,1562.1990078618303,1562.1990078618303,,7.353849728085629,7.353849728085629
2010-02-01,,2.329247337155654,5603.0,0.44,280150.0,280150.44,0.0,50.00007852935927,50.0,,50.0,False,28,28,0,28,28,28,False,True,14313725.5,Intel Core i5-650,CPU,2009-01-01,False,14313725.5,1.0,1.0,143195.09873114535,143195.09873114535,2863.89747662223,2863.89747662223,,7.959938730171024,7.959938730171024
2010-03-01,,4.372742850599896,5201.0,0.0,260050.0,260050.0,0.0,50.0,50.0,,50.0,False,31,31,0,31,31,31,False,True,14313725.5,Intel Core i5-650,CPU,2009-01-01,False,14313725.5,1.0,0.8,268823.03748050553,268823.03748050553,5376.460749610111,5376.460749610111,,8.589785583443124,8.589785583443124
2010-04-01,,8.27723527163913,5578.0,0.26,278900.0,278900.26,0.0,50.00004661168878,50.0,,50.0,False,30,30,0,30,30,30,False,True,14313725.5,Intel Core i5-650,CPU,2009-01-01,False,14313725.5,1.0,0.8,508859.45130698587,508859.45130698587,10177.17953862921,10177.17953862921,,9.227903192642806,9.227903192642806
2010-05-01,,12.78881185111734,4940.0,10.34,247000.0,247010.34,0.0,50.0020931174089,50.0,,50.0,False,31,31,0,31,31,31,False,True,14313725.5,Intel Core i5-650,CPU,2009-01-01,False,14313725.5,1.0,0.8,786217.5675645781,786217.5675645781,15723.693120575506,15723.693120575506,,9.662923969725473,9.662923969725473
2010-06-01,,17.57404328222627,4746.0,1.37,237300.0,237301.37,0.0,50.00028866413822,50.0,,50.0,False,30,30,0,30,30,30,False,True,14313725.5,Intel Core i5-650,CPU,2009-01-01,False,14313725.5,1.0,0.8,1080399.1584581316,1080399.1584581316,21607.858420886037,21607.858420886037,,9.980812343289104,9.980812343289104
2010-07-01,0.0637966439302561,116.63653379650668,7875.0,9.55,393750.0,393759.55,8677.505560184338,50.00121269841269,50.0,0.0657391525423728,50.0,False,31,31,15,31,31,31,False,True,14313725.5,Intel Core i5-650,CPU,2009-01-01,False,14313725.5,1.0,0.8,7170462.194472065,7170462.194472065,143405.76573055188,143405.76573055188,-2.75205469298902,11.873433413665389,11.873433413665389
2010-08-01,0.0644880954428126,440.281748628963,6016.0,10.9700014,300800.0,300810.9700014,19354.43388381127,50.00182347097739,50.0,0.0644980770536,50.0,True,31,31,31,31,31,31,True,True,14313725.5,Intel Core i5-650,CPU,2009-01-01,False,14313725.5,1.0,0.8,27067193.534472015,27067193.534472015,541324.1289126716,541324.1289126716,-2.7412746389930533,13.201773507650955,13.201773507650955
2010-09-01,0.0617953509103852,800.7029914159288,5545.0,1.97960442,277250.0,277251.97960442,17137.535278868272,50.00035700710911,50.0,0.061809385525034,50.0,True,30,30,30,30,30,30,True,True,2405161.3000000003,Nvidia GPU GTX 570 (overclocked),GPU,2010-09-01,True,14313725.5,1.0,0.8,8271333.264064604,49224804.11639741,165425.4841198149,984489.0529361335,-2.7839271453355536,12.016276125397452,13.799878057584701
2010-10-01,0.1074449707658089,1660.9541637711147,5895.0,1.0033037,294750.0,294751.0033037,33575.26822463904,50.00017019570823,50.0,0.1089079990384796,50.0,True,31,31,31,31,31,31,True,True,2405161.3000000003,Nvidia GPU GTX 570 (overclocked),GPU,2010-09-01,False,14313725.5,1.0,0.8,17157804.544469606,102110450.73450601,343154.9228194897,2042202.0632095903,-2.2307764623328197,12.745937294203541,14.529539226390789
2010-11-01,0.2583972868011085,5123.717091755668,5909.0,5.09,295450.0,295455.09,76766.31079220412,50.00086139786767,50.0,0.2599344503409312,50.0,True,30,30,30,30,30,30,True,True,2405161.3000000003,Nvidia GPU GTX 570 (overclocked),GPU,2010-09-01,False,7697856.5,2.0,1.8,52928454.209659055,169400549.25745574,1058550.8475243235,3387952.6176459026,-1.3532570071245258,13.872411405743238,15.03573634930974
2010-12-01,0.2409801825728589,11760.30251800238,5608.0,2.72666142,280400.0,280402.72666142,67895.3444150976,50.00048620924037,50.0,0.2443400328236647,50.0,True,31,31,31,31,31,31,True,True,2405161.3000000003,Nvidia GPU GTX 570 (overclocked),GPU,2010-09-01,False,7697856.5,2.0,1.8,121484973.14915952,388819614.80445534,2429675.8363663354,7776316.677748611,-1.4230405788606904,14.70326840574578,15.866593349312282
2011-01-01,0.3659117235619775,17934.54888324851,5161.0,8.41068051,258050.0,258058.41068051,95438.51047006708,50.00162966101724,50.0,0.3689957915009144,50.0,True,31,31,31,31,31,31,True,True,2405161.3000000003,Nvidia GPU GTX 570 (overclocked),GPU,2010-09-01,False,7697856.5,2.0,1.8,185265488.3825067,592952806.9368792,3705189.00360852,11858669.62650545,-1.005363167125962,15.125244828530908,16.28856977209741
2011-02-01,0.9200505851225932,30477.98168691124,5566.0,13.13731791,278300.0,278313.13731791,258824.2863559735,50.00236027989759,50.0,0.9236703238290058,50.0,True,28,28,28,28,28,28,True,True,2405161.3000000003,Nvidia GPU GTX 570 (overclocked),GPU,2010-09-01,False,7697856.5,2.0,1.8,314840267.1791064,1007664308.0721533,6296508.113151639,20152334.858425952,-0.08332662662170073,15.655505769944899,16.8188307135114
2011-03-01,0.8520234493326257,69479.27037754646,4902.0,130.7963255,245100.0,245230.7963255,210165.5355461737,50.0266822369441,50.0,0.8539480755830396,50.0,True,31,31,31,31,31,31,True,True,2405161.3000000003,Nvidia GPU GTX 570 (overclocked),GPU,2010-09-01,False,6870872.874999999,2.0,1.6,717727055.347312,2050345378.5987113,14346884.967264114,40985036.12307426,-0.16014122984068835,16.47904340115364,17.528717585441925
2011-04-01,1.1918419930890254,85029.26257414186,5088.0,162.77588569,254400.0,254562.77588569,325193.0241060233,50.03199211589819,50.0,1.251830822082603,50.0,True,30,30,30,30,30,30,True,True,2405161.3000000003,Nvidia GPU GTX 570 (overclocked),GPU,2010-09-01,False,6838952.076923076,3.0,2.6,878359860.6328273,2497570950.0900154,17555964.163851857,49919478.407024816,0.17550000372344934,16.680904288540276,17.72592183339363
2011-05-01,6.151101929769087,210679.482130902,6739.0,417.08251476,336950.0,337367.08251476,2109779.733968725,50.06189086136816,50.0,6.208499431684924,50.0,True,31,31,31,31,31,31,True,True,2405161.3000000003,Nvidia GPU GTX 570 (overclocked),GPU,2010-09-01,False,6838952.076923076,3.0,2.6,2176337827.2431517,6188304336.890339,43472944.984636836,123613076.3423828,1.81663124134061,17.58764934818889,18.632666893042245
2011-06-01,18.17853549778177,827558.248610611,6256.0,843.30858083,312800.0,313643.30858083,5677454.803051643,50.13479996496643,50.0,18.025088446814728,50.0,True,30,30,22,30,30,30,False,True,75000.0,Xilinx Spartan-6s,FPGA,2011-06-01,True,6838952.076923076,3.0,2.6,266575170.99882087,24307930924.780136,5317168.337863126,484851459.30104864,2.9002415298269795,15.48645145229433,19.999353132509306
2011-07-01,13.900132476823362,1576944.1069518717,4914.0,381.38248206,245700.0,246081.38248206,3452137.033151709,50.077611412710624,50.0,14.0257222590826,50.0,True,31,31,27,31,31,31,False,True,75000.0,Xilinx Spartan-6s,FPGA,2011-06-01,False,6838952.076923076,3.0,2.6,507969252.52336615,46319698327.43649,10143639.806159647,924958220.265268,2.6318983707979458,16.13235744696086,20.645259127175837
2011-08-01,10.234091050302808,1847683.0153019885,4373.0,244.60389745,218650.0,218894.60389745,2202209.3353392985,50.055935032574894,50.0,10.007244984191477,50.0,True,31,31,31,31,31,31,True,True,43000.0,X6500 FPGA Miner,FPGA,2011-08-01,True,4960076.499999999,4.0,3.6,341236739.33615845,39361868179.48615,6817108.4830218805,786357664.7578481,2.3257244071874514,15.73494596381987,20.482922291113436
2011-09-01,5.999517115253142,1760703.8960047893,4157.0,161.73643469,207850.0,208011.73643469,1239262.2790698386,50.03890700858552,50.0,5.938308926388078,50.0,True,30,30,30,30,30,30,True,True,43000.0,X6500 FPGA Miner,FPGA,2011-08-01,False,4960076.499999999,4.0,3.6,325173123.00505525,37508920136.02288,6498405.789504217,749595112.6507863,1.7916789851981594,15.687067441630742,20.43504376892431
2011-10-01,3.712456954788029,1568064.6428101133,3749.0,119.31579929,187450.0,187569.31579929,687029.2367271631,50.03182603341958,50.0,3.632088300314852,50.0,True,31,31,31,31,31,31,True,True,43000.0,X6500 FPGA Miner,FPGA,2011-08-01,False,3891146.826086957,5.0,4.6,289595813.43198436,26206042564.74271,5788231.93937683,523787449.75723964,1.3116939093917082,15.571337438386891,20.076596529760845
2011-11-01,2.8332892192312653,1194221.6300237684,4137.0,98.56053548,206850.0,206948.56053548,558121.5340847017,50.02382415650955,50.0,2.6850392432008574,50.0,True,30,30,30,30,30,30,True,True,43000.0,X6500 FPGA Miner,FPGA,2011-08-01,False,3958691.622727273,5.0,4.4,220553142.34049958,20304694812.779335,4408962.050771147,405900491.51884174,1.0414383050238696,15.299149857083968,19.821618592744194
2011-12-01,3.5781340480839834,1130928.1394267129,4585.0,505.58724485,229250.0,229755.58724485,803041.6124084993,50.11026984620501,50.0,3.4910424586734785,50.0,True,31,31,31,31,31,31,True,True,43000.0,X6500 FPGA Miner,FPGA,2011-08-01,False,3958691.622727273,5.0,4.4,208863873.037446,19228550336.830467,4168085.1785168312,383724741.3722858,1.2748414489135318,15.242967298510944,19.76543603417117
2012-01-01,6.165635112202178,1245695.8127227845,4744.0,582.03782178,237200.0,237782.03782178,1457916.5760423092,50.12268925416948,50.0,6.125424524697875,50.0,True,31,31,31,31,31,31,True,True,43000.0,X6500 FPGA Miner,FPGA,2011-08-01,False,3958691.622727273,5.0,4.4,230059579.38556552,21179882084.69298,4589928.8886704715,422560768.38357437,1.8189911503211105,15.33937508925233,19.861843824912555
2012-02-01,5.196795297636911,1370938.676440577,4355.0,157.11667532,217750.0,217907.11667532,1114453.0858379882,50.03607730776579,50.0,5.116484992492795,50.0,True,29,29,29,29,29,29,True,True,43000.0,X6500 FPGA Miner,FPGA,2011-08-01,False,3328344.062962963,6.0,5.4,253189881.54575357,19597745094.072205,5060146.501661463,391672292.24483114,1.6480421466873283,15.436905993742043,19.785936058949567
2012-03-01,4.936607101048334,1506177.088995026,4669.0,155.3775804,233450.0,233605.3775804,1145991.64108581,50.033278556521736,50.0,4.905492498604853,50.0,True,31,31,31,31,31,31,True,True,43000.0,X6500 FPGA Miner,FPGA,2011-08-01,False,2905829.392307692,6.0,5.2,278166197.58637905,18797756113.789986,5559623.626745536,375705063.83175516,1.5966782735796543,15.53104097090411,19.744314988845048
2012-04-01,4.985527799842264,1590437.10257597,4210.0,164.90758225,210500.0,210664.90758225,1051899.6132677784,50.03917044709026,50.0,4.991582861143581,50.0,True,30,30,30,30,30,30,True,True,43000.0,X6500 FPGA Miner,FPGA,2011-08-01,False,2750547.416,6.0,5.0,293727639.7020779,18788646520.705338,5869954.21941808,375478776.9827604,1.6065392754104206,15.585357392696878,19.743712508217683
2012-05-01,5.051972929603852,1643147.171967346,4414.0,467.954632,220700.0,221167.954632,1121408.2275786654,50.106016001812414,50.0,5.071734502875134,50.0,True,31,31,31,31,31,31,True,True,43000.0,X6500 FPGA Miner,FPGA,2011-08-01,False,2750547.416,6.0,5.0,303462324.74292946,19411337515.698082,6056404.978036026,387405327.036896,1.6197788461215237,15.616626944062391,19.7749820595832
2012-06-01,5.956452703944365,1637859.605593029,4535.0,646.23576223,226750.0,227396.23576223,1371863.950815012,50.14249961680926,50.0,6.04202499039548,50.0,True,30,30,30,30,30,30,True,True,43000.0,X6500 FPGA Miner,FPGA,2011-08-01,False,2750547.416,6.0,5.0,302485797.98284525,19348872791.12589,6032523.314442884,385877707.31396824,1.7844751199830562,15.612675941279969,19.771031056800776
2012-07-01,7.791177384213745,1815646.37998186,4773.0,590.4305005,238650.0,239240.4305005,1899405.9209689747,50.123702179027866,50.0,7.9297220413642275,50.0,True,31,31,31,31,31,31,True,True,43000.0,X6500 FPGA Miner,FPGA,2011-08-01,False,2750547.416,6.0,5.0,335320098.3942838,21449158841.19216,6689850.985001348,427924473.028384,2.052991988925983,15.716102157566551,19.87445727308736
2012-08-01,10.94789650025206,2192552.833399208,4879.0,777.52146733,243950.0,244727.52146733,2669874.5710929986,50.15936082544169,50.0,10.922707150411952,50.0,True,31,31,31,31,31,31,True,True,43000.0,X6500 FPGA Miner,FPGA,2011-08-01,False,2862028.5583333336,6.0,4.8,404928536.7106746,26951558980.23438,8072840.842606748,537318628.8004708,2.3931473373752565,15.904016003405996,20.102101826232342
2012-09-01,11.494819347482064,2714180.9987290204,4695.0,692.10654161,234750.0,235442.10654161,2735672.138398981,50.14741353388924,50.0,11.625039509653226,50.0,True,30,30,30,30,30,30,True,True,43000.0,X6500 FPGA Miner,FPGA,2011-08-01,False,2862028.5583333336,6.0,4.8,501264700.87352765,33363578818.243073,9995823.623780252,665310062.2167925,2.4418964423441145,16.117677926101464,20.31576374892781
2012-10-01,11.67490659867341,3065869.7321017245,4608.0,811.28938779,230400.0,231211.28938779,2707863.9854545463,50.17606106505859,50.0,11.741053100742825,50.0,True,31,31,31,31,31,31,True,True,43000.0,X6500 FPGA Miner,FPGA,2011-08-01,False,2984595.0173913045,6.0,4.6,566215840.026447,39300580811.882935,11284581.292506961,783253606.9526374,2.4574418034093335,16.23894786453321,20.478967092896266
2012-11-01,11.368290808790611,3356840.16970502,4431.0,819.9268432700001,212675.0,213494.92684327,2443491.8644168978,48.18210942073347,48.02325581395349,11.476865208513535,48.333333333333336,True,30,30,30,30,30,30,True,True,43000.0,X6500 FPGA Miner,FPGA,2011-08-01,False,3010932.913636364,6.0,4.4,619953306.1116325,43410181727.65568,12866877.634976635,900960589.9275062,2.4308279718179375,16.370166942133302,20.618972074246948
2012-12-01,13.203438848385844,3329360.6927331355,4213.0,933.50257464,105325.0,106258.50257464,1420061.0709893235,25.221576685174465,25.0,13.373176563997664,25.0,True,31,31,31,31,31,31,True,True,43000.0,X6500 FPGA Miner,FPGA,2011-08-01,False,3010932.913636364,6.0,4.4,614878297.5506991,43054821022.69985,24379058.661789834,1707063026.2384815,2.5804773144803,17.0092350701887,21.258040202302343
2013-01-01,15.374104698203976,3125200.857399179,4444.0,1319.17046538,111100.0,112419.17046538,1763679.854996909,25.2968430390144,25.0,15.618021246047398,25.0,True,31,31,31,31,31,31,True,True,43000.0,X6500 FPGA Miner,FPGA,2011-08-01,False,3010932.913636364,6.0,4.4,577173325.4663073,40414654942.31297,22816021.92716909,1597616543.6921484,2.732684580985967,16.942973563239224,21.191778695352866
2013-02-01,25.788974170983582,3379188.1746885227,4658.0,1416.34197199,116450.0,117866.34197199,3096283.5005232464,25.304066546155003,25.0,26.0934570902674,25.0,True,28,28,28,28,28,28,True,True,9916.7,Avalon 1,ASIC,2013-02-01,True,3127890.919047619,6.0,4.199999999999999,143926052.1984849,45396653290.511406,5687862.539246867,1794045759.7085123,3.2499470428704242,15.553845083374117,21.307739107341614
2013-03-01,57.06609957197188,5123402.251366925,5343.0,1720.1159158,133575.0,135295.1159158,7865695.183995193,25.3219382211866,25.0,57.66423358044136,25.0,True,31,31,31,31,31,31,True,True,9916.7,Avalon 1,ASIC,2013-02-01,False,2568599.19,6.0,4.0,218215447.5407515,56521627335.57149,8617643.943154909,2232120892.2419863,4.044210237583121,15.96932228081995,21.52621804318956
2013-04-01,128.529220791998,8186714.841643848,4967.0,1593.59819589,124175.0,125768.59819589,16173154.819158532,25.32083716446346,25.0,128.50750719166516,25.0,True,30,30,30,30,30,30,True,True,9916.7,Avalon 1,ASIC,2013-02-01,False,1859737.0208333333,7.0,4.8,348687757.7455869,65391464074.82658,13770783.149103492,2582515880.1068497,4.856156277643522,16.438059742660837,21.672029908060885
2013-05-01,117.81172636488732,10975370.51954144,4977.0,1589.17388295,124425.0,126014.17388295,14863788.379456509,25.31930357302592,25.0,117.62185385125656,25.0,True,31,31,31,31,31,31,True,True,9916.7,Avalon 1,ASIC,2013-02-01,False,1859737.0208333333,7.0,4.8,467461907.6041355,87665878306.37025,18462668.463841517,3462412702.368546,4.769087810956683,16.73126133042965,21.9652314958297
2013-06-01,105.18604784662634,17020766.550371345,5208.0,1251.43556468,130200.0,131451.43556468,13886636.09554275,25.24029100704301,25.0,104.8806200215079,25.0,True,30,30,30,30,30,30,True,True,9916.7,Avalon 1,ASIC,2013-02-01,False,1859737.0208333333,7.0,4.8,724946824.0142549,135953537644.06075,28721809.26170649,5386369658.183596,4.655730666476063,17.17316729673762,22.40713746213767
2013-07-01,85.67171543625184,26248855.83631574,5365.0,923.15296184,134125.0,135048.15296184,11537708.62773216,25.172069517584344,25.0,85.63026707831678,25.0,True,31,31,31,31,31,31,True,True,9916.7,Avalon 1,ASIC,2013-02-01,False,1859737.0208333333,7.0,4.8,1117988700.2286613,209662990177.03278,44413857.170054,8329191607.808385,4.450522729544032,17.60906207713451,22.84303224253456
2013-08-01,104.1855236154109,49075993.34012915,5837.0,1355.06151085,145925.0,147280.06151085,15285933.56167476,25.23215033593456,25.0,103.74713041741296,25.0,True,31,31,31,31,31,31,True,True,9916.7,Avalon 1,ASIC,2013-02-01,False,1937334.282608696,7.0,4.6,2090239907.9373517,408350906301.88226,82840339.80887157,16183753697.770508,4.646173190832934,18.232425696473484,23.507273717823736
2013-09-01,125.973761475941,105757135.38081405,5627.0,1337.16339142,140675.0,142012.16339142,17715843.071113564,25.23763344436112,25.0,124.6466302289889,25.0,True,30,30,30,30,30,30,True,True,9916.7,Avalon 1,ASIC,2013-02-01,False,1937334.282608696,7.0,4.6,4504397565.425398,879982637974.1012,178479395.675343,34867874593.476074,4.836073643011613,18.999983722131134,24.274831743481382
2013-10-01,152.9977221176586,247090119.75769424,6199.0,1088.43846084,154975.0,156063.43846084,24152526.97065807,25.175582910282305,25.0,154.16304745902798,25.0,True,31,31,31,31,31,31,True,True,9916.7,Avalon 1,ASIC,2013-02-01,False,2023440.386363636,7.0,4.4,10524038211.412651,2147363936047.9277,418025602.3829496,85295500155.86305,5.030423033161728,19.851053238333318,25.169387536897368
2013-11-01,527.5658584683507,543449326.0377119,5192.0,1186.01810039,129800.0,130986.01810039,70677563.35972892,25.22843183751733,25.0,546.337333877097,25.0,True,30,30,30,30,30,30,True,True,2000.0,Bitmain Antminer S1,ASIC,2013-11-01,True,2005263.2,7.0,4.2,4668194164.730428,4680478984494.332,185037032.61446208,185523976069.4903,6.268273707734055,19.036066539304386,25.94644996169017
2013-12-01,797.9352763996786,946731909.1002916,5616.0,494.19330025,140400.0,140894.19330025,111253805.33923656,25.087997382523145,25.0,790.4378136744028,25.0,True,31,31,31,31,31,31,True,True,2000.0,Bitmain Antminer S1,ASIC,2013-11-01,False,2005263.2,7.0,4.2,8132365175.330794,8153766307526.194,324153620.20868117,325006662875.6223,6.682027486891863,19.59672809783598,26.507111520221763
2014-01-01,825.5331774953346,1742581224.7137728,5472.0,438.63127764,136800.0,137238.63127764,112554758.15021718,25.08015922471491,25.0,818.7494382226635,25.0,True,31,31,31,31,31,31,True,True,2000.0,Bitmain Antminer S1,ASIC,2013-11-01,False,1620020.276923077,8.0,5.199999999999999,14968658741.53856,12124765339817.168,596832683.8526565,483440524885.8619,6.7160294533403615,20.20714737052293,26.904194134730265
2014-02-01,662.8792001150516,2802616915.572585,4902.0,396.65627167,122550.0,122946.65627167,81119473.05461222,25.08091723208282,25.0,659.7726451191668,25.0,True,28,28,28,28,28,28,True,True,2000.0,Bitmain Antminer S1,ASIC,2013-11-01,False,1662628.4959999998,8.0,5.0,24074295991.20129,20013305268054.918,959865054.7120386,797949496139.4174,6.4965927716469904,20.682303264537254,27.405311144347603
2014-03-01,596.6822889021674,4252881443.504769,5113.0,419.40022608,127825.0,128244.40022608,76010587.08090842,25.082026251922557,25.0,593.8357570761406,25.0,True,31,31,31,31,31,31,True,True,2000.0,Bitmain Antminer S1,ASIC,2013-11-01,False,1135499.4541666666,7.0,4.8,36531973427.23651,20741017943129.11,1456500087.3658009,826927527098.7843,6.391384792341534,21.099302194347146,27.440982894634036
2014-04-01,463.0340150132595,6406332733.567616,5030.0,398.02341464,125750.0,126148.02341464,58429196.0860574,25.07912990350696,25.0,463.27574406914414,25.0,True,30,30,30,30,30,30,True,True,2000.0,Bitmain Antminer S1,ASIC,2013-11-01,False,929735.9727272724,7.0,4.4,55029979155.93439,25581675599852.094,2194253922.1920624,1020038402379.935,6.137800517939016,21.509107926921317,27.6508613919081
2014-05-01,484.0486003466411,8964398397.195541,5039.0,370.84294158,125975.0,126345.84294158,61557600.26798996,25.073594550819607,25.0,488.35410812980376,25.0,True,31,31,31,31,31,31,True,True,2000.0,Bitmain Antminer S1,ASIC,2013-11-01,False,929735.9727272724,7.0,4.4,77003595888.53934,35796506563464.46,3071103177.1877418,1427657549894.231,6.182185315614831,21.845302675101465,27.98705614008825
2014-06-01,614.9848108935289,12502750923.24575,5120.0,329.08962854,128000.0,128329.08962854,78743659.1452227,25.064275318074216,25.0,615.1821912526788,25.0,True,30,30,30,30,30,30,True,True,2000.0,Bitmain Antminer S1,ASIC,2013-11-01,False,929735.9727272724,7.0,4.4,107397812650.74861,49925804906812.56,4284895983.938641,1991910967831.1877,6.421597569767425,22.178362114241466,28.320115579228247
2014-07-01,618.1473522432526,17406848597.561153,4732.0,334.74138833,118300.0,118634.74138833,73294677.35558733,25.070739938362216,25.0,618.03221931766,25.0,True,31,31,31,31,31,31,True,True,765.7,Bitmain Antminer S3,ASIC,2014-07-01,True,929735.9727272724,7.0,4.4,57245145063.32276,69508777105083.19,2283344855.5592327,2772506008038.6265,6.426726863087381,21.548907246770025,28.650772723179813
2014-08-01,537.7787011871027,21098286537.443104,5127.0,371.91031851,128175.0,128546.91031851,68742052.94940867,25.072539558905792,25.0,536.2484526854132,25.0,True,31,31,31,31,31,31,True,True,765.7,Bitmain Antminer S3,ASIC,2014-07-01,False,970437.6857142856,7.0,4.2,69385016285.64171,87937618685498.42,2767370896.858196,3507327946532.7593,6.2874471394564395,21.741163571723863,28.885875594700003
2014-09-01,446.9419195265052,29594537627.92407,4738.0,390.81452598,118450.0,118840.81452598,52838623.20479469,25.08248512578725,25.0,443.90559565836736,25.0,True,30,30,30,30,30,30,True,True,765.7,Bitmain Antminer S3,ASIC,2014-07-01,False,783962.3038461539,8.0,5.199999999999999,97326267307.79063,99647544395144.5,3880248181.936713,3972793919558.5156,6.102428652226244,22.079164952952635,29.01049072118125
2014-10-01,363.3442921985982,35199900585.26987,4670.0,385.19784236,116750.0,117135.19784236,42445391.93619493,25.082483478021413,25.0,362.9962296934447,25.0,True,31,31,31,31,31,31,True,True,765.7,Bitmain Antminer S3,ASIC,2014-07-01,False,813600.7959999999,8.0,5.0,115760380399.96713,123002138747128.14,4615188145.20111,4903905901299.968,5.895350848114706,22.25261847226115,29.22105312622583
2014-11-01,366.2058376727752,39399808417.62865,4424.0,390.18532164,110600.0,110990.18532164,40564161.10934176,25.088197405434,25.0,365.9209596337424,25.0,True,30,30,30,30,30,30,True,True,765.7,Bitmain Antminer S3,ASIC,2014-07-01,False,747285.7749999999,8.0,4.8,129572434418.1568,126456362900364.31,5164676932.5121765,5040472253019.4375,5.9031955733279196,22.365108388193313,29.248520894618082
2014-12-01,342.815465004806,39825656670.672646,4498.0,410.8476534,112450.0,112860.8476534,38528899.08008263,25.09134007412183,25.0,341.98290187153344,25.0,True,31,31,31,31,31,31,True,True,510.8,Bitmain Antminer S5,ASIC,2014-12-01,True,747285.7749999999,8.0,4.8,87372285314.90807,127823151811026.2,3482168949.7971544,5094313473629.801,5.83719229948901,21.970921198022015,29.25914602840748
2015-01-01,252.05438245751031,42441567537.373,4531.0,450.13603206,113275.0,113725.13603206,28519649.892584074,25.09934584684617,25.0,249.76138098829207,25.0,True,31,31,31,31,31,31,True,True,510.8,Bitmain Antminer S5,ASIC,2014-12-01,False,779689.504347826,8.0,4.6,93111251843.28726,142125814015070.97,3709708309.190339,5662530604674.29,5.5296448676320376,22.034219087615067,29.364892011522088
2015-02-01,234.02319268100317,44023752590.41254,4219.0,385.69120915,105475.0,105860.69120915,24861886.599714715,25.091417684083904,25.0,234.839366295817,25.0,True,28,28,28,28,28,28,True,True,510.8,Bitmain Antminer S5,ASIC,2014-12-01,False,643725.8444444444,9.0,5.4,96582359049.83714,121716054498420.03,3849218894.917272,4850903844131.034,5.455420224467613,22.0711360802252,29.21018616312979
2015-03-01,269.5327045101863,47052539740.395424,4551.0,451.79613664,113775.0,114226.79613664,30751285.319044475,25.0992740357372,25.0,269.7339312701495,25.0,True,31,31,31,31,31,31,True,True,510.8,Bitmain Antminer S5,ASIC,2014-12-01,False,643725.8444444444,9.0,5.4,103227122178.65973,130089989025112.69,4112753302.413506,5183017996452.254,5.596689735528863,22.13735854443315,29.27640862733774
2015-04-01,235.54872596925065,48470603157.51336,4254.0,563.21877777,106350.0,106913.21877777,25206447.786945548,25.132397455987302,25.0,235.7140868108319,25.0,True,30,30,30,30,30,30,True,True,510.8,Bitmain Antminer S5,ASIC,2014-12-01,False,423312.0919999999,9.0,5.0,106338167967.54938,88124965430287.2,4231119142.2852654,3506428926433.087,5.461917796382752,22.1657323676557,28.88561923562715
2015-05-01,237.45305873753463,48203489562.64771,4465.0,495.11940373,111625.0,112120.11940373,26570042.902028084,25.11088900419485,25.0,237.02738690663892,25.0,True,31,31,31,31,31,31,True,True,510.8,Bitmain Antminer S5,ASIC,2014-12-01,False,423312.0919999999,9.0,5.0,105752155653.55086,87639323107310.55,4211406280.1952033,3490092409419.2817,5.4699699565189634,22.161062462164523,28.880949330135973
2015-06-01,237.66132297849123,48802413542.46812,4382.0,568.35488739,109550.0,110118.35488739,26183461.430800643,25.129702165082158,25.0,238.0088416027081,25.0,True,30,30,30,30,30,30,True,True,510.8,Bitmain Antminer S5,ASIC,2014-12-01,False,423312.0919999999,9.0,5.0,107066116582.79633,88728233737234.52,4260540609.652159,3530811195228.681,5.470846647531951,22.172661892850314,28.892548760821768
2015-07-01,279.25813175739347,50753647100.255135,4583.0,954.1495891,114575.0,115529.1495891,32332244.786421444,25.208193233493343,25.0,280.00179527390134,25.0,True,31,31,31,31,31,31,True,True,510.8,Bitmain Antminer S5,ASIC,2014-12-01,False,423312.0919999999,9.0,5.0,111346867972.2024,92275794085671.06,4417090385.6869545,3660547712839.1367,5.632136557515997,22.208747032490884,28.928633900462334
2015-08-01,253.2697518194954,53106846158.99677,4595.0,780.70549511,114875.0,115655.70549511,29042361.228133257,25.16990326335365,25.0,251.44234469921528,25.0,True,31,31,31,31,31,31,True,True,510.8,Bitmain Antminer S5,ASIC,2014-12-01,False,437825.09583333327,9.0,4.8,116509479131.7204,99864475071137.88,4628920417.876752,3967614576275.9634,5.534455133451715,22.255589506771017,29.00918616763849
2015-09-01,234.66261777633517,57717884513.13586,4469.0,827.26921343,111725.0,112552.26921343,26348099.465312168,25.185112824665477,25.0,234.07230811583867,25.0,True,30,30,30,30,30,30,True,True,273.4,Bitmain Antminer S7,ASIC,2015-09-01,True,456827.6782608695,9.0,4.6,67774882971.80627,113245948911530.36,2691069261.577012,4496543243618.943,5.458148813547058,21.713204446589987,29.13433004942786
2015-10-01,264.8779770530775,60984536794.28461,4560.0,826.75158093,114000.0,114826.75158093,30593753.04164657,25.18130517125658,25.0,265.89329435235004,25.0,True,31,31,31,31,31,31,True,True,273.4,Bitmain Antminer S7,ASIC,2015-09-01,False,475638.0272727272,9.0,4.4,71610730004.87022,124582247077821.42,2843805335.65873,4947410240674.376,5.579269255989491,21.768408899167397,29.229885371898654
2015-11-01,348.7597547543058,66254220211.05241,4649.0,836.84184901,116225.0,117061.84184901,40770290.47277314,25.18000469972252,25.0,348.858915953984,25.0,True,30,30,30,30,30,30,True,True,273.4,Bitmain Antminer S7,ASIC,2015-09-01,False,310009.3192307691,9.0,5.2,77798624448.37886,88216161676416.23,3089698567.420688,3503421175985.26,5.85438330336607,21.851339372101116,28.88476108585548
2015-12-01,422.9679426199044,84220311129.9786,5063.0,1060.59881166,126575.0,127635.59881166,54190596.91756003,25.2094803104207,25.0,424.4016722407195,25.0,True,31,31,31,31,31,31,True,True,273.4,Bitmain Antminer S7,ASIC,2015-09-01,False,310009.3192307691,9.0,5.2,98895199968.46626,112137650392885.92,3922936877.345564,4448233323815.573,6.047296390405844,22.09010641364049,29.123528127394856
2016-01-01,411.8984236439635,110979678422.96828,4867.0,1150.69943754,121675.0,122825.69943754,50458095.67827047,25.23642889614547,25.0,411.038873048472,25.0,True,31,31,31,31,31,31,True,True,273.4,Bitmain Antminer S7,ASIC,2015-09-01,False,322329.6919999999,9.0,5.0,130317228027.53693,153639765809838.12,5163853751.409383,6088015322695.065,6.020776774398935,22.36494898873375,29.437343253353205
2016-02-01,402.3588013998478,146482952485.31583,4552.0,1267.59923206,113800.0,115067.59923206,46126630.99826681,25.278470833053603,25.0,403.3774910034462,25.0,True,29,29,29,29,29,29,True,True,273.4,Bitmain Antminer S7,ASIC,2015-09-01,False,326213.7695652173,9.0,4.6,172006736660.58365,205233964728093.12,6804475547.455632,8118923256217.439,5.997344231336975,22.64084640137389,29.72521865739535
2016-03-01,415.8178903600264,162436787464.7956,4578.0,1401.38733425,114450.0,115851.38733425,48066185.76391476,25.306113441295327,25.0,414.8574215616222,25.0,True,31,31,31,31,31,31,True,True,273.4,Bitmain Antminer S7,ASIC,2015-09-01,False,326213.7695652173,9.0,4.6,190740432599.13916,227586523506457.4,7537326229.158635,8993341630053.488,6.030247400857196,22.743133344559322,29.827505600580782
2016-04-01,433.4363355101381,173551687231.89267,4459.0,1613.31926917,111475.0,113088.31926917,49192521.73157466,25.36181190158556,25.0,435.3880444515879,25.0,True,30,30,30,30,30,30,True,True,273.4,Bitmain Antminer S7,ASIC,2015-09-01,False,33577.2,8.0,4.2,203792037613.99237,25028405286658.902,8035389522.041671,986853990707.7454,6.0717449238670715,22.807121313124103,27.617787933023184
2016-05-01,460.6491326222634,190261556911.11063,4620.0,1550.69387423,115500.0,117050.69387423,54097284.27538345,25.335648024725103,25.0,462.953864561377,25.0,True,31,31,31,31,31,31,True,True,273.4,Bitmain Antminer S7,ASIC,2015-09-01,False,33577.2,8.0,4.2,223413502806.90646,27438185319853.91,8818148349.269648,1082987310728.2252,6.132636652610073,22.900077747200573,27.71074436709965
2016-06-01,638.9508547893652,201191001433.75436,4465.0,1871.382899241731,111625.0,113496.38289924173,73217454.94139889,25.41912270979658,25.0,643.1096876436782,25.0,True,30,30,30,30,30,30,True,True,98.0,Bitmain Antminer S9 (11.5Th),ASIC,2016-06-01,True,33577.2,8.0,4.2,84682659597.93147,29014353039302.7,3331454848.569365,1141438017769.2173,6.459827541857034,21.92667493699175,27.763310002510103
2016-07-01,660.6006001753674,212932508617.8664,4365.0,1817.1638162426468,70462.5,72279.66381624265,48028388.6451379,16.558914963629473,15.985602944360252,662.6238428197056,16.129032258064516,True,31,31,31,31,31,31,True,True,98.0,Bitmain Antminer S9 (11.5Th),ASIC,2016-06-01,False,33577.2,8.0,4.2,89624739755.35948,30707630731772.004,5412476599.596901,1854447033469.235,6.493149421486957,22.411972606865564,28.24860767238392
2016-08-01,581.4056567173129,210849298160.2689,4649.0,2129.1475585119906,58112.5,60241.64755851199,34889692.98140057,12.957979685633898,12.5,579.1488073113252,12.5,True,31,31,31,31,31,31,True,True,98.0,Bitmain Antminer S9 (11.5Th),ASIC,2016-06-01,False,21063.39,9.0,6.0,88747902318.32497,19074813042987.582,6848899633.383201,1472051469885.7896,6.365448717553387,22.64735383885466,28.01767810157896
2016-09-01,606.4104661591488,226790706649.0279,4547.0,1803.9021302119704,56837.5,58641.40213021197,35552939.94299432,12.89672358262854,12.5,606.2804273309956,12.5,True,30,30,30,30,30,30,True,True,98.0,Bitmain Antminer S9 (11.5Th),ASIC,2016-06-01,False,21763.310344827583,9.0,5.8,95457749473.24185,21198741087805.758,7401705468.962697,1643730746959.62,6.407557093676496,22.72497627938143,28.127989619927614
2016-10-01,641.694434308743,252904058166.4324,4544.0,2301.402833191931,56800.0,59101.40283319193,37994047.95554663,13.006470693924282,12.5,642.6681858703644,12.5,True,31,31,31,31,31,31,True,True,98.0,Bitmain Antminer S9 (11.5Th),ASIC,2016-06-01,False,21004.85714285714,8.0,5.6,106449036567.34987,22815783735632.246,8184313721.406027,1754187148269.991,6.464112231364863,22.825485198366163,28.193026702174166
2016-11-01,726.1030761282093,265930958077.73563,4513.0,2644.2577915921006,56412.5,59056.7577915921,42824375.36164417,13.08592018426592,12.5,725.3583771468927,12.5,True,30,30,30,30,30,30,True,True,98.0,Bitmain Antminer S9 (11.5Th),ASIC,2016-06-01,False,21772.68888888889,8.0,5.4,111932147257.90651,24867998152160.164,8553632123.821911,1900362970428.3713,6.587691982884883,22.869621839492673,28.27306602092325
2016-12-01,821.5879884973451,300144417270.4002,4692.0,3005.844164772769,58650.0,61655.84416477277,50912676.02608467,13.140631748672796,12.5,825.364887500726,12.5,True,31,31,31,31,31,31,True,True,98.0,Bitmain Antminer S9 (11.5Th),ASIC,2016-06-01,False,21772.68888888889,8.0,5.4,126332824712.82794,28067400907417.723,9613908001.46177,2135924774716.5984,6.711239038859653,22.98647663714645,28.389920818577025
2017-01-01,910.1490606365744,347120363344.8201,4912.0,3504.900669812672,61400.0,64904.90066981267,59199645.051859945,13.213538409978147,12.5,912.790354981995,12.5,True,31,31,31,31,31,31,True,True,98.0,Bitmain Antminer S9 (11.5Th),ASIC,2016-06-01,False,22533.176923076924,8.0,5.199999999999999,146105319617.48068,33594051187177.49,11057244099.517649,2542396301796.73,6.813608388994001,23.126351624731985,28.5641281781167
2017-02-01,1058.6319286412836,425050647264.895,4255.0,4504.10601287204,53187.5,57691.60601287204,61576842.3721288,13.558544303847718,12.5,1066.56224903252,12.5,True,28,28,28,28,28,28,True,True,97.1,Bitmain Antminer R4,ASIC,2017-02-01,True,1272.3750000000002,7.0,4.8,177263684890.11115,2322820608260.095,13073946650.733463,171317846238.1771,6.96473272016429,23.293887281566704,25.86678641804193
2017-03-01,1133.4578522579295,467030539781.5731,4632.0,7096.509222689259,57900.0,64996.50922268926,73301611.96335466,14.032061576573676,12.5,1129.0964455685232,12.5,True,31,31,31,31,31,31,True,True,97.1,Bitmain Antminer R4,ASIC,2017-02-01,False,1272.3750000000002,7.0,4.8,194771034865.18262,2552232703260.42,13880429030.496134,181885796989.46985,7.033028285540266,23.353745701525472,25.926644838000698
2017-04-01,1215.2342195958656,512390534629.5978,4438.0,6371.800689091078,55475.0,61846.80068909108,75531712.46729764,13.935736973657296,12.5,1220.099369792519,12.5,True,30,30,30,30,30,30,True,True,97.1,Bitmain Antminer R4,ASIC,2017-02-01,False,654.4181818181818,9.0,6.6,213688027193.26694,1440178478188.7947,15333816044.117445,103344263809.74052,7.102692110526188,23.45332642540997,25.361331618967252
2017-05-01,1884.7944288606643,558840062708.9905,4852.0,11678.16478941655,60650.0,72328.16478941655,137581531.92881933,14.906876502352958,12.5,1887.750384870194,12.5,True,31,31,31,31,31,31,True,True,97.1,Bitmain Antminer R4,ASIC,2017-02-01,False,654.4181818181818,9.0,6.6,233059399903.18417,1570734384554.8748,15634355048.584269,105369785837.22379,7.5415740376277,23.472736576515096,25.38074177007238
2017-06-01,2622.7924822305054,683098541002.2477,4471.0,12528.40902832846,55887.5,68415.90902832846,179053631.51836026,15.302149189963869,12.5,2616.2030409770127,12.5,True,30,30,30,30,30,30,True,True,97.1,Bitmain Antminer R4,ASIC,2017-02-01,False,535.2046511627907,11.0,8.6,284880320263.70197,1570229376208.8435,18617013644.75944,102614956678.02669,7.871994862070924,23.647341711655248,25.35424953564766
2017-07-01,2500.987039214998,771256981071.4382,4886.0,6435.488338199821,61075.0,67510.48833819982,169344584.5178287,13.817128190380645,12.5,2509.201264196565,12.5,True,31,31,31,31,31,31,True,True,97.1,Bitmain Antminer R4,ASIC,2017-02-01,False,535.2046511627907,11.0,8.6,321646032870.86255,1772877989912.9304,23278790530.06033,128310164419.49141,7.824440748623087,23.870808505283932,25.577716329276345
2017-08-01,3839.309449103672,896901929062.618,4406.0,8463.266176668469,55075.0,63538.26617666847,246936690.4610811,14.420850244364155,12.5,3874.592791512227,12.5,True,31,31,31,31,31,31,True,True,97.1,Bitmain Antminer R4,ASIC,2017-02-01,False,552.6268292682927,11.0,8.2,374045168390.5002,2128809427505.3215,25937802699.024742,147620243704.929,8.25304779844766,23.978967305193077,25.717908892180663
2017-09-01,4117.061839397661,992904772766.714,4855.0,5251.187382829438,60687.5,65938.68738282943,271471087.46956927,13.581603992343858,12.5,4102.380564416521,12.5,True,30,30,30,30,30,30,True,True,97.1,Bitmain Antminer R4,ASIC,2017-02-01,False,497.6,12.0,9.0,414082321479.01624,2122011979072.693,30488469676.5154,156241632451.4322,8.322895042156894,24.14061440569042,25.774669571818112
2017-10-01,5277.769519315885,1205232539494.029,4818.0,5464.057265169821,60225.0,65689.05726516982,352372629.7773465,13.634092417013246,12.5,5348.37761608944,12.5,True,31,31,31,31,31,31,True,True,97.1,Bitmain Antminer R4,ASIC,2017-02-01,False,460.45,13.0,10.0,502631774530.7028,2383489192406.407,36865803689.54341,174818324498.9729,8.571258847924089,24.33055022903316,25.88701312590326
2017-11-01,7751.11303379982,1389346256168.848,4374.0,9959.531853137654,54675.0,64634.53185313765,506998780.3711216,14.776984877260553,12.5,7781.03213700565,12.5,True,30,30,30,30,30,30,True,True,97.1,Bitmain Antminer R4,ASIC,2017-02-01,False,403.8491525423729,15.0,11.8,579414802780.6348,2409847343702.013,39210624331.913795,163081126746.66046,8.955591729299913,24.392213575896488,25.817513624038792
2017-12-01,14994.596135192436,1668105344152.1643,5029.0,19126.071380955706,62862.5,81988.5713809557,1250902154.4257596,16.303155971556116,12.5,15194.10497518901,12.5,True,31,31,31,31,31,31,True,True,97.1,Bitmain Antminer R4,ASIC,2017-02-01,False,403.8491525423729,15.0,11.8,695668862033.3296,2893360251104.8105,42670809458.42959,177472402039.99857,9.615445157522132,24.476780904166283,25.902080952308587
2018-01-01,13064.96501685078,2189829310663.494,5055.0,15043.695552627574,63187.5,78231.19555262757,1018980115.2202497,15.476003076682012,12.5,12891.060519588613,12.5,True,31,31,31,31,31,31,True,True,97.1,Bitmain Antminer R4,ASIC,2017-02-01,False,354.2396825396825,16.0,12.6,913249316020.1394,3331711099758.562,59010670358.1721,215282400969.44116,9.477689500327767,24.800984118028442,26.095216496078052
2018-02-01,9447.041670312889,2857890928748.323,4369.0,2487.0754521496365,54612.5,57099.57545214964,534273441.4769122,13.069255081746311,12.5,9396.599650507222,12.5,True,28,28,28,28,28,28,True,True,91.7,Ebang Ebit E10,ASIC,2018-02-01,True,335.2134328358209,17.0,13.4,1125576058432.4858,4114593396564.5156,86123964326.36516,314829986164.3472,9.153456920716629,25.17905354096979,26.475298603604898
2018-03-01,9084.044755671564,3327262514165.2305,4655.0,1016.2419451299912,58187.5,59203.74194513,534819346.86268455,12.718311910876476,12.5,8992.046454912237,12.5,True,31,31,31,31,31,31,True,True,91.7,Ebang Ebit E10,ASIC,2018-02-01,False,282.4271739130434,22.0,18.4,1310437353781.205,4036020920594.4688,103035478526.08821,317339356738.2897,9.114274830081603,25.35833921757577,26.483237564207663
2018-04-01,7998.954998529155,3716824713525.422,4610.0,992.8084266200124,57625.0,58617.80842662001,468934097.6297952,12.715359745470716,12.5,8018.054271692968,12.5,True,30,30,30,30,30,30,True,True,91.7,Ebang Ebit E10,ASIC,2018-02-01,False,170.2171717171717,23.0,19.8,1463865842062.3086,2717285751463.7095,115125790490.02101,213701051787.5141,8.987066186945905,25.46929119786114,26.087843921054038
2018-05-01,8446.344631281056,4143646644155.272,4717.0,1009.0519825800114,58962.5,59971.551982580015,503761614.7819046,12.713918164634304,12.5,8423.247831234328,12.5,True,31,31,31,31,31,31,True,True,52.6,ASICminer 8 Nano Pro,ASIC,2018-05-01,True,173.90366972477065,25.0,21.8,936113090880.7025,3094933493945.853,73629000813.03366,243428772615.10782,9.041489038743956,25.022304817856494,26.21809022175053
2018-06-01,6795.36783891272,4891653033132.451,4600.0,1042.80396971,57500.0,58542.80396971,396685016.39667606,12.726696515154348,12.5,6769.3244134619135,12.5,True,30,30,30,30,30,30,True,True,52.6,ASICminer 8 Nano Pro,ASIC,2018-05-01,False,167.5974358974359,27.0,23.4,1105099163515.9302,3521136620107.8164,86833151258.06845,276673260489.47687,8.823996458882055,25.18725431263346,26.346103081879438
2018-07-01,7100.269802976994,5322630746264.675,4646.0,669.3953408899999,58075.0,58744.39534089,420798253.9694663,12.644079927010331,12.5,7118.681239927603,12.5,True,31,31,31,31,31,31,True,True,52.6,ASICminer 8 Nano Pro,ASIC,2018-05-01,False,150.50921052631583,34.0,30.4,1202463614152.659,3440719567542.5312,95100918460.9749,272120991594.84537,8.867888062726704,25.27820446429523,26.329512626378285
2018-08-01,6691.47048468751,6321278500899.581,4803.0,694.45275244,60037.5,60731.95275244,405508082.5345935,12.64458728970227,12.5,6677.730917346958,12.5,True,31,31,31,31,31,31,True,True,52.6,ASICminer 8 Nano Pro,ASIC,2018-05-01,False,150.142,34.0,30.0,1428073401032.2866,4076307919729.8394,112939502754.29765,322375719059.6151,8.808588932360305,25.450118138439226,26.498983531652186
2018-09-01,6593.861372486324,7004086131608.286,4419.0,618.41010891,55237.5,55855.91010891,367785532.8593066,12.639943450760352,12.5,6590.200040190922,12.5,True,30,30,30,30,30,30,True,True,52.6,ASICminer 8 Nano Pro,ASIC,2018-05-01,False,141.41472392638036,37.0,32.6,1582330077952.6614,4254083101408.4316,125184901666.42928,336558713097.13245,8.793894400129872,25.553057694621785,26.542038452526132
2018-10-01,6460.393204432915,7307780750548.9795,4379.0,545.30315602,54737.5,55282.80315602,354592375.8923385,12.624526868239323,12.5,6415.1142316698415,12.5,True,31,31,31,31,31,31,True,True,45.0,Ebang Ebit E11++,ASIC,2018-10-01,True,135.77472527472526,41.0,36.4,1412400569847.579,4261517763309.3433,111877505160.28322,337558611723.5358,8.773445462483567,25.440670405784875,26.545004996547117
2018-11-01,5429.6476093894125,6936230051963.641,3870.0,873.36222446,48375.0,49248.36222446,265543696.4707743,12.725674993400515,12.5,5345.764674878239,12.5,True,30,30,30,30,30,30,True,True,45.0,Ebang Ebit E11++,ASIC,2018-10-01,False,128.8140703517588,45.0,39.8,1340589655382.2297,3837484670694.3696,105345268999.67618,301554508714.4276,8.599629513840389,25.38050906873381,26.43221662852877
2018-12-01,3705.974894668088,5506353319312.628,4375.0,698.01022168,54687.5,55385.51022168,203580893.6739137,12.659545193526858,12.5,3665.740837408797,12.5,True,31,31,31,31,31,31,True,True,45.0,Ebang Ebit E11++,ASIC,2018-10-01,False,121.0,50.0,44.8,1064232334200.0952,2861602498626.923,84065605669.96228,226043073023.67636,8.217701632582772,25.154863350832912,26.143991406659335
2019-01-01,3689.423801059305,5763769391797.221,4525.0,636.60959704,56562.5,57199.10959704,209537402.8028845,12.640687203765744,12.5,3659.232663750683,12.5,True,31,31,31,31,31,31,True,True,45.0,Ebang Ebit E11++,ASIC,2018-10-01,False,110.93037974683544,52.0,47.400000000000006,1113984046775.4692,2746103852015.985,88126858043.25623,217243240636.30832,8.213225573367218,25.20204318203537,26.10428348731126
2019-02-01,3679.316220541664,5977756321841.646,4125.0,747.7480218000001,51562.5,52310.2480218,191248555.2597353,12.68127224770909,12.5,3659.201131282874,12.5,True,28,28,28,28,28,28,True,True,45.0,Ebang Ebit E11++,ASIC,2018-10-01,False,106.00235294117644,56.0,51.0,1155342055759.5205,2721532808053.4453,91106162945.77513,214610391993.2086,8.21048220426281,25.23529128926196,26.09209009091561
2019-03-01,3946.127646241965,6149587043544.307,4550.0,989.3036263,56875.0,57864.3036263,227142565.4589361,12.717429368417584,12.5,3923.4174107501753,12.5,True,31,31,31,31,31,31,True,True,45.0,Ebang Ebit E11++,ASIC,2018-10-01,False,104.19529411764708,57.0,51.0,1188552385616.7656,2752034786523.7773,93458540337.4374,216398668850.3394,8.280490034321396,25.260783756050905,26.100388232561276
2019-04-01,5160.675016349319,6377107262508.221,4338.0,2685.16796716,54225.0,56910.16796716,292811626.92631066,13.11898754429691,12.5,5145.797054693162,12.5,True,30,30,30,30,30,30,True,True,39.5,Bitmain Antminer S17 Pro (50Th),ASIC,2019-04-01,True,104.297609561753,57.0,50.2,1081883951854.4973,2856655949408.779,82467030950.48018,217749726475.70087,8.548822667041756,25.135664425573093,26.10661219653909
2019-05-01,7232.7219189863135,6690415298473.227,4721.0,4342.98116009,59012.5,63355.48116009,464718195.6595889,13.4199282270896,12.5,7292.919984257462,12.5,True,31,31,31,31,31,31,True,True,39.5,Bitmain Antminer S17 Pro (50Th),ASIC,2019-04-01,False,102.4937007874016,58.0,50.8,1135037038692.2231,2945168269021.2427,84578473109.94005,219462296607.22754,8.886370719958725,25.160945616214185,26.11444628526442
2019-06-01,9352.01724420169,7499079535112.689,4519.0,3700.81004738,56487.5,60188.31004738,568885571.8286386,13.318944467222837,12.5,9393.020061772835,12.5,True,30,30,30,30,30,30,True,True,39.5,Bitmain Antminer S17 Pro (50Th),ASIC,2019-04-01,False,97.8051851851852,62.0,54.0,1272227903459.7695,3150138878370.7007,95520174784.92007,236515655285.07254,9.143347347055432,25.282603316414406,26.189280238396112
2019-07-01,10673.541030914015,8743312437060.463,4770.0,1943.9022453,59625.0,61568.9022453,657129080.4164003,12.907526676163522,12.5,10659.624927258155,12.5,True,31,31,31,31,31,31,True,True,39.5,Bitmain Antminer S17 Pro (50Th),ASIC,2019-04-01,False,96.11794871794872,64.0,54.6,1483313518547.4475,3609444372364.143,114918493353.70343,279638730402.91644,9.275523157179272,25.46748896057914,26.356764358467302
2019-08-01,10629.002681810936,9941022661897.932,4676.0,1337.00530649,58450.0,59787.00530649,635354386.6413163,12.785929278547904,12.5,10628.744097537749,12.5,True,31,31,31,31,31,31,True,True,39.5,Bitmain Antminer S17 Pro (50Th),ASIC,2019-04-01,False,94.86992753623188,65.0,55.2,1686506505255.0361,4050601264377.9478,131903318758.74199,316801475757.7303,9.271341645844297,25.605335057526318,26.481541155202002
2019-09-01,9814.014820740234,11529335235689.377,4635.0,926.58349933,57937.5,58864.08349933,577643295.5510839,12.699910140092772,12.5,9792.41926139002,12.5,True,30,30,30,30,30,30,True,True,39.5,Bitmain Antminer S17 Pro (50Th),ASIC,2019-04-01,False,90.83181818181816,67.0,57.2,1955965652385.2998,4497820671071.973,154014133234.72632,354161613858.40454,9.191566726811764,25.76031020940051,26.593019182222363
2019-10-01,8396.728179108915,13110038184047.729,4524.0,894.19085866,56550.0,57444.19085866,480355199.3045087,12.697654920128205,12.5,8387.15982785581,12.5,True,31,31,31,31,31,31,True,True,39.5,Bitmain Antminer S17 Pro (50Th),ASIC,2019-04-01,False,89.61655405405405,70.0,59.2,2224133817366.9507,5046055910569.998,175160990856.76636,397400617855.11566,9.035597406468574,25.888971335730282,26.70821072180654
2019-11-01,8379.757180950104,13024458459192.518,4246.0,951.00464302,53075.0,54026.00464302,450803324.1817113,12.723976599863402,12.5,8339.688379551919,12.5,True,30,30,30,30,30,30,True,True,39.5,Bitmain Antminer S17 Pro (50Th),ASIC,2019-04-01,False,86.07711598746081,76.0,63.8,2209615113648.5254,4815121428485.33,173657590165.03116,378428975461.7297,9.033574217036042,25.880351324740897,26.65929424482289
2019-12-01,7289.009555323213,12920122620996.924,4603.0,632.33989886,57537.5,58169.83989886,421569576.3210524,12.63737560262003,12.5,7246.166450772044,12.5,True,31,31,31,31,31,31,True,True,39.5,Bitmain Antminer S17 Pro (50Th),ASIC,2019-04-01,False,86.51146496815286,76.0,62.8,2191914412640.918,4800651314490.484,173446962531.24594,379877236021.6305,8.894122952305104,25.879137698137605,26.663113974369743
2020-01-01,8352.893601492815,14391321132649.137,4737.0,618.59678222,59212.5,59831.09678222,499585151.9889348,12.630588301080854,12.5,8365.7359320865,12.5,True,31,31,31,31,31,31,True,True,39.5,Bitmain Antminer S17 Pro (50Th),ASIC,2019-04-01,False,85.34281250000001,78.0,64.0,2441505017632.988,5275060884497.755,193300973749.89713,417641740729.23785,9.03036329691503,25.987514260653942,26.757889822373325
2020-02-01,9659.893872160004,15508511157888.191,4154.0,744.09274634,51925.0,52669.09274634,507991425.842958,12.679126804607607,12.5,9646.19281580645,12.5,True,29,29,29,29,29,29,True,True,39.5,Bitmain Antminer S17 Pro (50Th),ASIC,2019-04-01,False,82.24164133738603,80.0,65.8,2631037655194.844,5477996333764.343,207509373140.64267,432048390885.5327,9.175737940827373,26.058442347359083,26.79180343485594
2020-03-01,6972.864347360485,15758872351124.576,4255.0,1250.83487107,53187.5,54438.33487107,380662730.5920915,12.793968242319623,12.5,6885.037264610397,12.5,True,31,31,31,31,31,31,True,True,39.5,Bitmain Antminer S17 Pro (50Th),ASIC,2019-04-01,False,81.43622291021674,80.0,64.6,2673511734111.788,5511916393220.448,208966575770.32288,430821484689.03064,8.849781373046477,26.06544015157802,26.788959652593803
2020-04-01,7196.508343060995,14920681134099.62,4513.0,818.15878263,56412.5,57230.65878263,412528433.7106015,12.681289338052292,12.5,7224.347704104812,12.5,True,30,30,30,30,30,30,True,True,38.0,MicroBT Whatsminer M30S,ASIC,2020-04-01,True,81.23134796238244,80.0,63.8,2435185825190.078,5205616503133.597,192029829165.94318,410495838740.4102,8.881351235024084,25.98091655714633,26.74063162873614
2020-05-01,9236.630195919346,15713352402934.104,4192.0,3251.57526551,36481.25,39732.82526551,366439486.8193791,9.478250301886929,8.430501335524964,9264.668143189232,8.46774193548387,True,31,31,31,31,31,31,True,True,29.5,Bitmain Antminer S19 Pro (110Th),ASIC,2020-05-01,True,80.49651898734176,80.0,63.2,1990905873093.1873,5432576014083.253,210049936399.84775,573162328600.0093,9.13093240070613,26.07061113177598,27.074434809526476
2020-06-01,9466.924319302563,14873312032584.82,4549.0,1255.89163308,28431.25,29687.14163308,281577106.6156132,6.526080816240932,6.25,9478.762561918957,6.25,True,30,30,30,30,30,30,True,True,29.5,Bitmain Antminer S19 Pro (110Th),ASIC,2020-05-01,False,79.29842767295598,82.0,63.6,1884471468513.0752,5065614388055.363,288760057004.40344,776210796447.5365,9.155559351938551,26.388861927628362,27.37768996514745
2020-07-01,9552.62215960581,16650894927328.672,4589.0,2550.77698977,28681.25,31232.02698977,300490509.8954045,6.805845933704511,6.25,9597.276008946852,6.25,True,31,31,31,31,31,31,True,True,29.5,Bitmain Antminer S19 Pro (110Th),ASIC,2020-05-01,False,77.69404388714734,84.0,63.8,2109693950279.2637,5556293368184.623,309982619475.9201,816400109892.0352,9.164570967473342,26.459782066647126,27.42817040248772
2020-08-01,11636.96188604114,17066712535952.363,4521.0,3370.45827891,28256.25,31626.70827891,368292938.2405182,6.995511674167219,6.25,11648.209951568604,6.25,True,31,31,31,31,31,31,True,True,29.5,Bitmain Antminer S19 Pro (110Th),ASIC,2020-05-01,False,76.49781931464175,85.0,64.19999999999999,2162378679668.3843,5607364526342.564,309109437648.9343,801566030837.922,9.361941680863488,26.45696121829043,27.409833189679894
2020-09-01,10660.187261971208,18108003984174.074,4531.0,2470.73885836,28318.75,30789.48885836,327912005.63412577,6.795296592001765,6.25,10647.193640549383,6.25,True,30,30,30,30,30,30,True,True,29.5,Bitmain Antminer S19 Pro (110Th),ASIC,2020-05-01,False,76.0473354231975,86.0,63.8,2294311904782.028,5914451084352.34,337632342270.75397,870374236690.9779,9.274271264354585,26.545223395644662,27.492189113220057
2020-10-01,11840.103752899298,19623035928557.168,4201.0,3486.68591029,26256.25,29742.93591029,352661009.0820722,7.079965701092598,6.25,11895.126609905548,6.25,True,31,31,31,31,31,31,True,True,29.5,Bitmain Antminer S19 Pro (110Th),ASIC,2020-05-01,False,74.888785046729,88.0,64.19999999999999,2486268778060.888,6311649087748.997,351169607739.371,891480178608.0641,9.379247671313395,26.584535156635184,27.51614904024816
2020-11-01,16527.85061551448,17494373182621.182,4466.0,3440.37808167,27912.5,31352.87808167,521691795.3070277,7.020348876325571,6.25,16670.627445129558,6.25,True,30,30,30,30,30,30,True,True,29.5,Bitmain Antminer S19 Pro (110Th),ASIC,2020-05-01,False,74.43896103896104,87.0,61.6,2216563940159.634,5593176840064.71,315734157832.87634,796709243172.5647,9.712802153051058,26.4781664237841,27.403755635088658
2020-12-01,21807.859645794764,18864893474328.613,4514.0,3053.03016011,28212.5,31265.53016011,692315922.818766,6.926346956160833,6.25,21995.8736749326,6.25,True,31,31,31,31,31,31,True,True,29.5,Bitmain Antminer S19 Pro (110Th),ASIC,2020-05-01,False,72.90471698113208,90.0,63.6,2390210965185.5737,5907039116679.756,345089695955.74963,852836156500.2999,9.990025718011108,26.567070208464212,27.47183328685641
2021-01-01,35168.88402022242,20109151105265.24,4635.0,3309.28085367,28968.75,32278.03085367,1123636374.420051,6.963976451708738,6.25,34752.85856475368,6.25,True,31,31,31,31,31,31,True,True,29.5,Bitmain Antminer S19 Pro (110Th),ASIC,2020-05-01,False,72.51987381703469,91.0,63.4,2547860317249.375,6263407074927.277,365862856504.0899,899400955525.9822,10.467916993950157,26.625524391121598,27.52499477368626
2021-02-01,46303.754407370034,21417403546153.03,4080.0,4009.52835487,25500.0,29509.52835487,1364398178.978412,7.232727537958333,6.25,46316.12198772021,6.25,True,28,28,28,28,28,28,True,True,29.5,Bitmain Antminer S19 Pro (110Th),ASIC,2020-05-01,False,72.16178343949043,92.0,62.8,2713617909980.8696,6637949422290.244,375185971784.4251,917765723574.3207,10.742978325498909,26.65068766474525,27.54520799191897
2021-03-01,54774.68354098803,21657573969094.25,4595.0,3047.3645211,28718.75,31766.1145211,1746085034.422343,6.913191408291621,6.25,54933.491410035625,6.25,True,31,31,31,31,31,31,True,True,29.5,Bitmain Antminer S19 Pro (110Th),ASIC,2020-05-01,False,71.12077922077921,92.0,61.6,2744047871284.8413,6615553316098.249,396929248623.67535,956946354496.0743,10.910983387011798,26.707023886697698,27.587013170920205
2021-04-01,58180.459390019576,23317562566068.723,4073.0,4383.26180848,25456.25,29839.51180848,1702410964.398112,7.326175253739259,6.25,57105.45609389246,6.25,True,30,30,30,30,30,30,True,True,29.5,Bitmain Antminer S19 Pro (110Th),ASIC,2020-05-01,False,70.23980582524271,93.0,61.8,2954370974989.1206,7034387919287.079,403262394450.8041,960171941791.4208,10.971304828030732,26.722853289873186,27.590378211403454
2021-05-01,47751.91310234396,23094676661705.484,4423.0,2623.10504508,27643.75,30266.85504508,1446877102.1803794,6.843060150368528,6.25,46507.35033992572,6.25,True,31,31,31,31,31,31,True,True,29.5,Bitmain Antminer S19 Pro (110Th),ASIC,2020-05-01,False,69.37320261437907,93.0,61.2,2926130988724.7256,6881189083288.602,427605621524.0401,1005571912577.4484,10.77377441007685,26.78146716269947,27.63657756282347
2021-06-01,36460.08380167258,20408892737089.92,3538.0,1178.26714182,22112.5,23290.76714182,839087261.0679028,6.583031979033352,6.25,35811.81382305475,6.25,True,30,30,30,30,30,30,True,True,29.5,Bitmain Antminer S19 Pro (110Th),ASIC,2020-05-01,False,69.27094594594595,93.0,59.2,2585838042174.508,6071981262523.425,392803506106.3474,922368489453.2489,10.503973346685102,26.696575339319544,27.550210643840348
2021-07-01,34274.83718904303,14471974299942.389,4371.0,808.65759847,27318.75,28127.40759847,971828239.9381386,6.435005170091512,6.25,34412.27598575064,6.25,True,31,31,31,31,31,31,True,True,29.5,Bitmain Antminer S19 Pro (110Th),ASIC,2020-05-01,False,69.54482758620689,94.0,58.0,1833621361640.749,4322673947582.7734,284944815609.94196,671743663497.5231,10.442166754281903,26.37556136902766,27.233142651569125
2021-08-01,46014.720384296525,15565175736237.91,4844.0,409.43494201,30275.0,30684.43494201,1405012263.7592175,6.3345241416205615,6.25,45746.96164301578,6.25,True,31,31,31,31,31,31,True,True,29.5,Bitmain Antminer S19 Pro (110Th),ASIC,2020-05-01,False,67.7277027027027,94.0,59.2,1972131661937.2192,4527727013229.524,311330672651.3933,714769872527.6617,10.736716632633751,26.464121440383025,27.295226471228798
2021-09-01,45984.04778256735,18410092256641.23,4480.0,416.79570176,28000.0,28416.79570176,1307691995.819549,6.343034754857142,6.25,45927.46134843367,6.25,True,30,30,30,30,30,30,True,True,29.5,Bitmain Antminer S19 Pro (110Th),ASIC,2020-05-01,False,66.8061433447099,95.0,58.6,2332586952679.199,5282411468633.445,367739897829.3528,832789299252.77,10.736049827991106,26.630641725838142,27.448046505044505
2021-10-01,57668.047917804826,19864683040732.84,4682.0,474.40024458,29262.5,29736.90024458,1722192077.772242,6.351324272656984,6.25,57915.467306096216,6.25,True,31,31,31,31,31,31,True,True,29.5,Bitmain Antminer S19 Pro (110Th),ASIC,2020-05-01,False,65.03154362416109,98.0,59.6,2516885838157.925,5548371904447.469,396277332113.7676,873577173241.4456,10.962458536856829,26.705380136702363,27.495862312064357
2021-11-01,60932.174355896444,22196881418530.945,4377.0,404.82734876,27356.25,27761.07734876,1687850323.4586685,6.34248968443226,6.25,60684.55066210988,6.25,True,30,30,30,30,30,30,True,True,29.5,Bitmain Antminer S19 Pro (110Th),ASIC,2020-05-01,False,64.82762237762239,98.0,57.19999999999999,2812378953090.5244,6180333584872.052,443418766607.3076,974433368026.0887,11.017516628735732,26.817780457561586,27.605121978005865
2021-12-01,49903.43744199259,23588401622432.094,4588.0,395.62835575,28675.0,29070.62835575,1436621885.660691,6.336231115028335,6.25,49356.9545744311,6.25,True,31,31,31,31,31,31,True,True,29.5,Bitmain Antminer S19 Pro (110Th),ASIC,2020-05-01,False,65.23956834532375,98.0,55.6,2988686699231.146,6609512887364.42,471682084345.4636,1043130019624.4282,10.817845165980113,26.879571045479636,27.67324694345344
2022-01-01,41770.958942835474,25144523050256.277,4659.0,338.11531895,29118.75,29456.86531895,1214897337.3381562,6.322572508896759,6.25,41113.14966322278,6.25,True,31,31,31,31,31,31,True,True,29.5,Bitmain Antminer S19 Pro (110Th),ASIC,2020-05-01,False,65.05424354243542,98.0,54.2,3185849673143.8813,7025526797501.368,503885035507.4517,1111181688721.7114,10.63995661492067,26.94561397484619,27.736445149418614
2022-02-01,40762.2072827071,27209428896977.71,4097.0,314.02833876,25606.25,25920.27833876,1058707428.1140867,6.326648361913596,6.25,40756.41008039158,6.25,True,28,28,28,28,28,28,True,True,29.5,Bitmain Antminer S19 Pro (110Th),ASIC,2020-05-01,False,65.06755725190841,98.0,52.39999999999999,3447476414033.0205,7604029455752.456,544913549295.2032,1201904866647.6694,10.615510639028113,27.02389299388094,27.814928803025563
2022-03-01,42455.56921118113,27569749661533.297,4542.0,361.39736129,28387.5,28748.89736129,1207297209.1700408,6.329567891081021,6.25,41973.92290655153,6.25,True,31,31,31,31,31,31,True,True,29.5,Bitmain Antminer S19 Pro (110Th),ASIC,2020-05-01,False,63.64882812500001,98.0,51.19999999999999,3493129608078.181,7536732408234.468,551874893861.2921,1190718314097.6272,10.656213377743919,27.0365872159808,27.805577866235645
2022-04-01,42296.64863341221,28561641369177.605,4418.0,311.57799556,27612.5,27924.07799556,1155997478.514737,6.320524670792214,6.25,41441.3370125229,6.25,True,30,30,30,30,30,30,True,True,26.0,MicroBT Whatsminer M50S,ASIC,2022-04-01,True,63.20717131474105,96.0,50.19999999999999,3189454205618.1606,7753706860578.016,504618583383.90045,1226750509559.5437,10.65246313337109,26.94706870042589,27.83538992728992
2022-05-01,32868.134385260644,30502528393853.125,4475.0,517.9617240599999,27968.75,28486.71172406,906189853.316436,6.365745636661452,6.25,31706.786788099776,6.25,True,31,31,31,31,31,31,True,True,26.0,MicroBT Whatsminer M50S,ASIC,2022-04-01,False,62.05282258064516,96.0,49.6,3406191409319.6753,8129376584547.366,535081293494.1695,1277050175823.6855,10.400258907677886,27.00568452275551,27.87557398415981
2022-06-01,24748.67934392123,29992443023059.81,4298.0,481.62903138,26862.5,27344.12903138,667938645.6317375,6.362058871889251,6.25,24352.584424611352,6.25,True,30,30,30,30,30,30,True,True,26.0,MicroBT Whatsminer M50S,ASIC,2022-04-01,False,58.517490494296574,99.0,52.6,3349230609690.8164,7538021937145.749,526438166815.68097,1184840016248.9048,10.116527406731583,26.989399719678072,27.800628874016436
2022-07-01,21724.798011887044,28752118353097.004,4341.0,561.28429253,27131.25,27692.53429253,597349049.0459929,6.379298385747523,6.25,21545.18048662921,6.25,True,31,31,31,31,31,31,True,True,21.5,Bitmain Antminer S19 XP,ASIC,2022-07-01,True,57.09843749999999,100.0,51.2,2655022272371.37,7051052245586.261,416193460757.8723,1105302153813.5845,9.986209652593802,26.754416039004216,27.73113985588495
2022-08-01,22735.78972868451,28259747536806.22,4647.0,409.63082664,29043.75,29453.38082664,656966464.7892817,6.338149521549387,6.25,22362.41746393733,6.25,True,31,31,31,31,31,31,True,True,21.5,Bitmain Antminer S19 XP,ASIC,2022-07-01,False,57.35357142857144,100.0,50.39999999999999,2609555866471.6846,6961272036489.831,411722042466.70526,1098313003317.7443,10.031695601907614,26.74361430440735,27.724796485165978
2022-09-01,20109.612664660523,31520862037229.824,4373.0,437.96287329,27331.25,27769.21287329,550462330.0698493,6.35015158319003,6.25,19792.869884293774,6.25,True,30,30,30,30,30,30,True,True,21.5,Bitmain Antminer S19 XP,ASIC,2022-07-01,False,56.09032258064517,100.0,49.6,2910693039220.046,7593567976887.946,458365914748.4232,1195808931079.6074,9.90895322174881,26.850933642576265,27.809844002072136
2022-10-01,19881.88319478061,34633070486529.05,4743.0,378.52019157,29643.75,30022.27019157,589871143.9470954,6.329806070328906,6.25,19647.71690510737,6.25,True,31,31,31,31,31,31,True,True,20.8,Bitmain Antminer S19 XP Hydro,ASIC,2022-10-01,True,55.35659574468085,99.0,46.99999999999999,3093956426073.8657,8234177650472.525,488791661497.63245,1300857808119.9675,9.897564203831818,26.915202185529058,27.89404501518914
2022-11-01,17835.262045851425,36840192856100.72,4182.0,712.4493709,26137.5,26849.9493709,472636251.9249991,6.420360920827355,6.25,17579.60670669784,6.25,True,30,30,30,30,30,30,True,True,20.8,Bitmain Antminer S19 XP Hydro,ASIC,2022-10-01,False,54.57443946188341,97.0,44.6,3291130408701.937,8635172944753.242,512608317396.24817,1344966903144.2046,9.788932790471788,26.962777876644566,27.927390521351857
2022-12-01,17245.123703479927,35133053962169.03,4413.0,550.13036232,27581.25,28131.38036232,476651672.3832394,6.374661310292318,6.25,16937.163565426752,6.25,True,31,31,31,31,31,31,True,True,20.8,Bitmain Antminer S19 XP Hydro,ASIC,2022-10-01,False,53.17391304347826,100.0,46.0,3138622609743.28,8023694506095.382,492359116346.42664,1258685617248.4944,9.755284698640658,26.922474198456264,27.861089131507015
2023-01-01,20415.51302675236,36154520442448.49,4726.0,402.98636168,29537.5,29940.48636168,604469019.4947361,6.335270072297926,6.25,20239.86577364681,6.25,True,31,31,31,31,31,31,True,True,20.8,Bitmain Antminer S19 XP Hydro,ASIC,2022-10-01,False,51.493991416309015,101.0,46.6,3229875644379.8984,7996114841704.04,509824460128.8733,1262158479504.8354,9.924050333330277,26.957332307590065,27.86384445021785
2023-02-01,23745.100741030365,39784302857977.234,4209.0,601.05931085,26306.25,26907.30931085,627438124.8907622,6.392803352542171,6.25,23303.395567149542,6.25,True,28,28,28,28,28,28,True,True,20.8,Bitmain Antminer S19 XP Hydro,ASIC,2022-10-01,False,49.47112970711297,103.0,47.8,3554143417118.7686,8453244710863.669,555960072775.4941,1322306388089.0596,10.075131503595,27.043962317063553,27.9103985915412
2023-03-01,25615.4542409038,44249906390466.77,4674.0,934.07740616,29212.5,30146.57740616,757941086.8556737,6.4498454014035085,6.25,25123.182304581365,6.25,True,31,31,31,31,31,31,True,True,20.8,Bitmain Antminer S19 XP Hydro,ASIC,2022-10-01,False,46.336693548387096,101.0,49.6,3953079536600.817,8806376685570.775,612895238658.0635,1365362444757.8972,10.150951129610712,27.14145985886177,27.9424410366145
2023-04-01,29181.69154262549,47978944274383.4,4309.0,811.82702192,26931.25,27743.07702192,800772912.5937706,6.438402650712462,6.25,28855.591357253063,6.25,True,30,30,30,30,30,30,True,True,20.8,Bitmain Antminer S19 XP Hydro,ASIC,2022-10-01,False,45.948979591836725,99.0,49.0,4286214328345.7295,9468614168240.195,665726354947.9039,1470646475829.283,10.281296789643557,27.224144544596516,28.016723199520246
2023-05-01,27582.823020543303,48786288514525.92,4612.0,4540.32408281,28825.0,33365.32408281,918466710.4899611,7.234458821077624,6.25,27516.26549124262,6.25,True,31,31,31,31,31,31,True,True,20.8,Bitmain Antminer S19 XP Hydro,ASIC,2022-10-01,False,44.55206611570247,97.0,48.4,4358338684192.673,9335240058306.521,602441563630.8049,1290385402583.0188,10.224948503634257,27.124256507783013,27.885962051374005
2023-06-01,27856.72818851926,51736188385804.45,4313.0,1394.16208874,26956.25,28350.41208874,785349281.9958018,6.573246484753072,6.25,27760.8931405416,6.25,True,30,30,30,30,30,30,True,True,20.8,Bitmain Antminer S19 XP Hydro,ASIC,2022-10-01,False,44.08632478632479,96.0,46.8,4621868932443.883,9796212253631.984,703133366923.7122,1490315672226.003,10.234829802839446,27.27881242189323,28.030009074001004
2023-07-01,30202.087221695467,52462896124605.23,4501.0,638.24343519,28131.25,28769.49343519,864495445.6015275,6.391800363294824,6.25,30050.34557770404,6.25,True,31,31,31,31,31,31,True,True,20.8,Bitmain Antminer S19 XP Hydro,ASIC,2022-10-01,False,41.13686440677967,92.0,47.2,4686789600659.392,9269222514684.156,733250310440.4626,1450173971000.8853,10.315666314275921,27.320752968179896,28.002704645164616
2023-08-01,28201.69521393263,53350355517756.95,4521.0,613.65560806,28256.25,28869.90560806,805221939.886155,6.385734485304137,6.25,27845.168167370524,6.25,True,31,31,31,31,31,31,True,True,20.8,Bitmain Antminer S19 XP Hydro,ASIC,2022-10-01,False,40.724472573839655,93.0,47.4,4766071069317.776,9331525507086.656,746362236056.9819,1461308096752.5098,10.247137369088675,27.338476890420623,28.010353107198988
2023-09-01,26636.145030168747,55544894808679.01,4426.0,1002.71473224,27662.5,28665.21473224,754180954.7687014,6.476551001409852,6.25,26306.336479271373,6.25,True,30,30,30,30,30,30,True,True,16.0,Bitmain Antminer S21 Hyd.,ASIC,2023-09-01,True,39.82456140350877,90.0,45.6,3817016106608.5845,9500687019738.47,589359383687.0388,1466936185273.66,10.190024408108645,27.10230199358783,28.014197113988946
2023-10-01,29879.5836648179,59251964528176.66,4671.0,704.58056107,29193.75,29898.33056107,888391634.2305183,6.400841481710555,6.25,29748.8713124187,6.25,True,31,31,31,31,31,31,True,True,16.0,Bitmain Antminer S21 Hyd.,ASIC,2023-09-01,False,38.44675925925926,86.0,43.2,4071763997956.333,9784133136871.633,636129485410.7524,1528569823956.4792,10.304930705575982,27.17866797297734,28.05535365859245
2023-11-01,36676.93102843776,64363260251220.72,4438.0,3878.31706642,27737.5,31615.81706642,1158293042.3941257,7.123888478237945,6.25,36604.63068173582,6.25,True,30,30,30,30,30,30,True,True,16.0,Bitmain Antminer S21 Hyd.,ASIC,2023-09-01,False,35.39134199134199,87.0,46.2,4423009565486.876,9783515260195.184,620870129985.6512,1373339193908.1958,10.509903254070565,27.154387766551178,27.948266258021647
2023-12-01,42727.05167480265,68813730420749.56,4599.0,7923.03565579,28743.75,36666.78565579,1560290283.9105017,7.9727735716003485,6.25,42548.02586179559,6.25,True,31,31,31,31,31,31,True,True,16.0,Bitmain Antminer S21 Hyd.,ASIC,2023-09-01,False,34.902272727272724,82.0,44.0,4728843546766.075,10315461697114.576,593124024443.7131,1293836028889.5032,10.662587527306039,27.108669361535743,27.88863258750935
2024-01-01,43373.96891243973,71959513466487.36,4522.0,3091.76596599,28262.5,31354.26596599,1344813353.50098,6.933716489604158,6.25,42911.79087259855,6.25,True,31,31,31,31,31,31,True,True,16.0,Bitmain Antminer S21 Hyd.,ASIC,2023-09-01,False,32.752586206896545,83.0,46.4,4945020111594.157,10122637343739.049,713184641888.4176,1459915091555.3147,10.677614745495484,27.293006188615507,28.00939939348868
2024-02-01,49679.12753173397,78290815415611.03,4295.0,1478.47416388,26843.75,28322.22416388,1403655518.1499753,6.594231470053551,6.25,49872.90727605353,6.25,True,29,29,29,29,29,29,True,True,16.0,Bitmain Antminer S21 Hyd.,ASIC,2023-09-01,False,31.971493212669685,79.0,44.2,5380103868595.553,10750622144891.287,815880348305.6777,1630307063637.8467,10.813340154692563,27.427533549180662,28.11978949560535
2024-03-01,67706.3358381387,81887846611145.1,4562.0,1276.81048414,28512.5,29789.31048414,2016375381.1551127,6.52987954496712,6.25,67711.85272275221,6.25,True,31,31,31,31,31,31,True,True,16.0,Bitmain Antminer S21 Hyd.,ASIC,2023-09-01,False,31.94746543778803,78.0,43.39999999999999,5627289970155.722,11236103239372.572,861775463299.7686,1720721364306.4453,11.122935041495362,27.482260590267465,28.1737647166838
2024-04-01,66413.30586167656,85681862669159.34,4407.0,4311.87221241,22615.625,26927.49721241,1781707264.9791706,6.110165013027003,5.101407284768212,65915.19861520553,5.104166666666667,True,30,30,30,30,30,30,True,True,16.0,Bitmain Antminer S21 Hyd.,ASIC,2023-09-01,False,30.896610169491524,82.0,47.2,5888012768390.442,11369977198621.754,963642185740.8225,1860829809731.9333,11.103652704872315,27.59398588603646,28.252043638429836
2024-05-01,65641.00624630148,84839971765955.17,4410.0,1001.41069488,13781.25,14782.66069488,965587414.8349304,3.35207725507483,3.125,65255.59593221282,3.125,True,31,31,31,31,31,31,True,True,16.0,Bitmain Antminer S21 Hyd.,ASIC,2023-09-01,False,30.7936170212766,81.0,47.0,5830158466053.453,11220729186062.719,1739267332585.1804,3347395758577.8354,11.091955874859554,28.184485067251853,28.839203773945574
2024-06-01,66846.03712965353,83819982779473.4,4179.0,1491.21006741,13059.375,14550.58506741,962382076.5587908,3.4818341869849245,3.125,65903.24148341126,3.125,True,30,30,30,30,30,30,True,True,16.0,Bitmain Antminer S21 Hyd.,ASIC,2023-09-01,False,30.558295964125566,77.0,44.6,5760065356625.943,11001111371280.127,1654319260278.6868,3159573598421.8364,11.110147300737857,28.134410717046578,28.781458197214246
2024-07-01,63101.87332132871,81326219748093.3,4712.0,400.06845666,14725.0,15125.06845666,952543977.1233,3.2099041716171475,3.125,62837.6423336287,3.125,True,31,31,31,31,31,31,True,True,15.1,Bitmain Antminer S21 Pro,ASIC,2024-07-01,True,30.2070093457944,75.0,42.8,5274331157293.088,10551110633189.861,1643142871344.936,3287048481535.889,11.052505736223782,28.127631908808038,28.821011159980376
2024-08-01,60411.88958428343,88870446323722.9,4430.0,344.69936649,13843.75,14188.44936649,850641453.1054945,3.2028102407426635,3.125,59963.00688085632,3.125,True,31,31,31,31,31,31,True,True,15.1,Bitmain Antminer S21 Pro,ASIC,2024-07-01,False,30.041626794258377,74.0,41.8,5763604474173.83,11466758582970.068,1799546036432.4841,3580217908979.575,11.008941211972905,28.218555547040445,28.906444782918797
2024-09-01,60535.91067569786,90851271150328.5,4263.0,229.25908095,13321.875,13551.13408095,816317266.9552914,3.178778813265306,3.125,60337.91305350672,3.125,True,30,30,30,30,30,30,True,True,13.5,Bitmain S21 XP,ASIC,2024-09-01,True,28.10087719298245,76.0,45.6,5267743718274.305,10965053282320.812,1657159565897.3113,3449454625959.737,11.01099203281654,28.13612614780379,28.869237255043984
2024-10-01,65657.4431213301,92160626075647.1,4761.0,717.6695494200001,14878.125,15595.79454942,1024284334.3632675,3.2757392458349086,3.125,65582.58307140702,3.125,True,31,31,31,31,31,31,True,True,13.5,Bitmain S21 XP,ASIC,2024-09-01,False,27.221818181818183,73.0,44.0,5343662812146.152,10775127222013.764,1631284547126.4543,3289372692198.96,11.092206249105308,28.120388886108223,28.821717991461643
2024-11-01,86246.1025338415,101121849233761.8,4363.0,436.23765913,13634.375,14070.61265913,1219139673.578242,3.2249857114668807,3.125,86569.09437550165,3.125,True,30,30,30,30,30,30,True,True,12.0,Bitmain Antminer S21 XP Hyd.,ASIC,2024-11-01,True,26.24672897196261,68.0,42.8,5211780424440.595,11399349021806.047,1616063105616.0627,3534697527891.0825,11.364960145859165,28.11101412576999,28.893648846663176
2024-12-01,98385.12665128632,106284721467966.88,4569.0,398.95652026,14278.125,14677.08152026,1441748661.536841,3.212318126561611,3.125,98246.95644894511,3.125,True,31,31,31,31,31,31,True,True,12.0,Bitmain Antminer S21 XP Hyd.,ASIC,2024-11-01,False,25.85164319248826,69.0,42.6,5477872833232.642,11801001161546.252,1705270965517.9844,3673671378923.4077,11.496644919697921,28.164745138094407,28.932212653681137
2025-01-01,100012.42624429036,109831885671267.36,4434.0,203.87409655,13856.25,14060.12409655,1405328430.546437,3.1709797240753272,3.125,100008.38356327184,3.125,True,31,31,31,31,31,31,True,True,12.0,Bitmain Antminer S21 XP Hyd.,ASIC,2024-11-01,False,24.72648401826484,70.0,43.8,5660692284193.252,11664084774784.96,1785155622792.2388,3678385164757.325,11.513049719693194,28.210526710996987,28.93349495787774
2025-02-01,95761.18164289703,111690986703413.08,4091.0,173.96789913,12784.375,12958.34289913,1233994821.954282,3.1675245414641897,3.125,95251.1975001774,3.125,True,28,28,28,28,28,28,True,True,12.0,Bitmain Antminer S21 XP Hyd.,ASIC,2024-11-01,False,23.629310344827584,71.0,46.4,5756509621789.561,11335196029687.63,1817352808615.8447,3578566126735.653,11.469612679784973,28.228402057443674,28.905983312852097
2025-03-01,85372.09710714858,112150726753835.34,4541.0,176.75204793,14190.625,14367.37704793,1221651230.1624966,3.163923595668355,3.125,85064.30919960975,3.125,True,31,31,31,31,31,31,True,True,12.0,Bitmain Antminer S21 XP Hyd.,ASIC,2024-11-01,False,23.33347280334728,73.0,47.8,5780204443564.26,11239353598474.482,1826910248868.7737,3552346717177.996,11.354774594621798,28.23364726725118,28.89862954811288
2025-04-01,86631.0497443904,120975057161702.6,4344.0,180.73423997,13575.0,13755.73423997,1186394619.8768356,3.1666054880225603,3.125,86436.3487561952,3.125,True,30,30,30,30,30,30,True,True,12.0,Bitmain Antminer S21 XP Hyd.,ASIC,2024-11-01,False,23.01967213114754,75.0,48.8,6235006969694.918,11960651348149.734,1968987609374.8806,3777120766508.4805,11.369413572372704,28.308540622713974,28.95998313333581
2025-05-01,103668.185255994,120845799731689.28,4628.0,193.48226396,14462.5,14655.98226396,1518576863.2709894,3.166806885038894,3.125,103629.43386172956,3.125,True,31,31,31,31,31,31,True,True,12.0,Bitmain Antminer S21 XP Hyd.,ASIC,2024-11-01,False,23.01967213114754,75.0,48.8,6228345092478.853,11947871829042.082,1966758731611.8765,3772845096898.083,11.548950551157615,28.30740798976044,28.958850500382276
2025-06-01,106095.77598764998,126080462959971.3,4158.0,139.3188461,12993.75,13133.0688461,1390946157.5723794,3.158506215993266,3.125,105806.69944625947,3.125,True,30,30,30,30,30,30,True,True,12.0,Bitmain Antminer S21 XP Hyd.,ASIC,2024-11-01,False,22.72796610169491,73.0,47.2,6498137580931.393,12307454221963.205,2057345193125.701,3896605984070.4917,11.572097512194585,28.35243752638782,28.991127029672896
2025-07-01,115465.92359213992,123150639483986.94,4574.0,142.1125182,14293.75,14435.8625182,1663881489.6777236,3.1560696366856145,3.125,115353.56446927854,3.125,True,31,31,31,31,31,31,True,True,11.0,Bitmain Antminer S21 XP+ Hyd,ASIC,2025-07-01,True,22.318340611353708,71.0,45.8,5818207659717.3125,11804794572468.918,1843497872191.2407,3740346675260.901,11.656730731578655,28.24268590039767,28.9501994169792
2025-08-01,115171.5019730783,129050659751606.5,4588.0,114.63638977,14337.5,14452.13638977,1659501525.100045,3.149986135520924,3.125,114845.93707753062,3.125,True,31,31,31,31,31,31,True,True,11.0,Bitmain Antminer S21 XP+ Hyd,ASIC,2025-07-01,False,22.156888888888886,70.0,45.0,6096951994764.107,12280862537170.709,1935548834965.216,3898703679576.6025,11.65417761793485,28.29141203783425,28.991665223958243
2025-09-01,113367.08999209422,137752306508186.7,4532.0,121.29425921,14162.5,14283.79425921,1616626646.769331,3.151763958342895,3.125,113170.91720643482,3.125,True,30,30,30,30,30,30,True,True,11.0,Bitmain Antminer S21 XP+ Hyd,ASIC,2025-07-01,False,21.8518018018018,70.0,44.4,6508058165413.528,12928436104110.387,2064893897966.6719,4101968381828.8784,11.638386416446293,28.356099959891548,29.042488067559972
2025-10-01,114680.36862325072,149278712189425.6,4534.0,98.73172807,14168.75,14267.48172807,1624368769.461464,3.146775855330834,3.125,114119.52504498413,3.125,True,31,31,31,31,31,31,True,True,11.0,Bitmain Antminer S21 XP+ Hyd,ASIC,2025-07-01,False,21.37926267281106,68.0,43.4,7052619055268.374,13707254119441.379,2241220658700.809,4355967742735.93,11.649904134356028,28.438041770291296,29.102567915722975
2025-11-01,97445.8759702842,153463045224292.2,4257.0,90.61836261,13303.125,13393.74336261,1289554027.387946,3.14628690688513,3.125,96281.99088134624,3.125,True,30,30,30,30,30,30,True,True,11.0,Bitmain Antminer S21 XP+ Hyd,ASIC,2025-07-01,False,21.45497630331753,68.0,42.2,7250306364211.943,14141377385087.23,2304400895018.774,4494624235997.409,11.487052384597261,28.465841843200142,29.133903184361664
2025-12-01,89534.85791770107,148570824424882.0,4401.0,84.45072082,13753.125,13837.57572082,1230309707.3235643,3.1441889845080664,3.125,88915.91901772215,3.125,True,31,31,31,31,31,31,True,True,11.0,Bitmain Antminer S21 XP+ Hyd,ASIC,2025-07-01,False,21.105882352941176,65.0,40.8,7019175152490.889,13467807725741.875,2232427881108.7734,4283396383646.138,11.402383302378453,28.434110845080664,29.085767358410717
